"","x"
"1","Lakukan Hal Ini Agar Terhindar dari Kanker Pankreas"
"2","Waduh, Anjing Ini Makan Uang Tunai Pemiliknya Senilai Rp 62 Juta"
"3","Pelajaran dari Kecelakaan Maut: Pajero Bukan buat Kebut-kebutan di Tol!"
"4","Potret Chuando Tan, Fotografer Singapura yang Awet Muda Bak ABG Meski Berusia 57"
"5","China Bikin Replika Kapal Induk Canggih AS untuk Dirudal"
"6","Masih Trauma Akibat Gempa, Warga Jepang Pilih Tidur di Mobil"
"7","Bunda Merapat! Popok Bayi di Transmart Full Day Sale Cuma Rp 30 Ribuan"
"8","Meghan Markle Tuntut Pangeran Harry Kerja demi Bertahan di Hollywood"
"9","Israel Klaim Sudah Hancurkan Struktur Komando Hamas di Gaza Utara"
"10","Top 5: Noah Pamit hingga Saipul Jamil Ditangkap Polisi"
"11","Bus Listrik Pemkot Medan Mogok Gegara Sopir Salah Pencet Tombol"
"12","Waduh, Anjing Ini Makan Uang Tunai Pemiliknya Senilai Rp 62 Juta"
"13","Arti Rumah Tusuk Sate Beserta Mitosnya"
"14","Waduh, Anjing Ini Makan Uang Tunai Pemiliknya Senilai Rp 62 Juta"
"15","7 Foto Perdana Anak Ke-2 Billy Davidson yang Baru Lahir, Cantik Sedari Bayi"
"16","China Bikin Replika Kapal Induk Canggih AS untuk Dirudal"
"17","Disebut Lebih Enak, Ini 5 Fakta Minuman Bersoda di McDonald's"
"18","Dzikir Pembuka Rezeki Ya Fattah Ya Razzaq: Arti dan Manfaat"
"19","Akhirnya Cetak Gol Lagi, Broja!"
"20","Alasan Warga Korsel Ogah Punya Anak: Rumah Mahal-Takut Gagal Jadi Ortu yang Baik"
"21","Kata Siapa 'Skip' Sarapan Bikin Turun BB? Justru Begini Faktanya Menurut Ahli Gizi"
"22","Cerita Alma Konsisten Tekuni Biola hingga Berpenghasilan di Usia Belasan"
"23","Tragis Caleg PPP Tewas Terpental Usai Pajero Ngebut Tabrak Pembatas Tol"
"24","Misteri Jendela Boeing 737 Max Copot Saat Terbang"
"25","Hati-hati! Daging Merah Bisa Picu Kanker Pankreas"
"26","LE SSERAFIM dan YB Gahar di Golden Disc Awards 2024"
"27","Pengalaman Ngecas Motor Listrik Honda EM1 e: di Rumah, Habis Biaya Berapa?"
"28","Harimau Sumatera di Medan Zoo Mati Lagi, Standar Pengelolaan Dipertanyakan"
"29","Malam Ini! Adu Perspektif dan Debat Capres Pilpres 2024 Tayang di detikcom"
"30","Kenalkan! Ini Klaudia Krish, Pegawai Solo Safari Viral Mirip Pevita Pearce"
"31","Xavi: Guendogan seperti Jatuh dari Langit buat Barcelona"
"32","Sepeda Listrik di Transmart Full Day Sale Diskon!"
"33","Jubir Sebut Anies Kuasai Tema Debat: Paslon Lain Perlu Keluarkan Energi Ekstra"
"34","Gibran Hadiri Lomba Senam Gemoy di Stadion Cendrawasih Jakbar"
"35","NewJeans Cantik Banget di GDA 2024"
"36","Lakukan Hal Ini Agar Terhindar dari Kanker Pankreas"
"37","Truk Bawa Ratusan Anjing Terikat dan Dikarungi Diamankan di Semarang"
"38","Jendela Pesawat Alaska Airlines Lepas di Udara, 171 Pesawat Dilarang Terbang"
"39","Timnas Tingkatkan Pengawalan Buntut Anies Dipeluk hingga Kacamata Jatuh"
"40","Tol Pamulang-Cinere-Bogor Raya Bakal Diresmikan Jokowi Besok"
"41","Apa Itu Bubble Properti? Pengertian, Penyebab, dan Contohnya"
"42","5 Gaya Gemas LE SSERAFIM di Red Carpet GDA 2024"
"43","Rangkaian Acara Pernikahan Pangeran Abdul Mateen dari Brunei, Digelar 10 Hari"
"44","'Aji Mumpung' Marquez Cabut, Marini: Aku Tahu Honda Bukan Motor Terbaik, tapi..."
"45","Penampakan Proyek Alun-alun Kediri yang Mangkrak"
"46","AC Split 1/2 PK Transmart Full Day Sale Diskon Sampai Rp 1,5 juta"
"47","Arda Guler Akhirnya Debut Juga di Real Madrid"
"48","7 Cara agar Rumah Dilimpahi Keberkahan"
"49","Panelis Debat Capres Evi Fitriani, Gubes Perempuan Pertama Ilmu HI di Indonesia"
"50","3 Resep Jamur Tiram Berbumbu Gurih Pedas, Cocok Untuk Lauk Bekal"
"51","ENHYPEN Hentak Panggung Pertamanya di Golden Disc Awards 2024"
"52","Mitos atau Fakta: Olahraga Efektif Ditandai dengan Banyak Keringat"
"53","Cak Imin Optimis Menang di Jatim: Jawa Timur Rumah Saya"
"54","Jordan Henderson Enggak Kuat Main di Arab Saudi, Mau Balik ke Inggris!"
"55","Simak Rekayasa Lalu Lintas Sekitar GBK Saat Debat Capres Malam Ini"
"56","Sepeda Listrik di Transmart Full Day Sale Diskon Jutaan Rupiah"
"57","Sedapnya Steak Saus Chimicuri hingga Asam-Asam Iga ala Veronica Tan"
"58","Epic Games Kasih Marvel's Guardians of the Galaxy Gratis, Buruan Klaim"
"59","Jawaban Menohok Aurel Usai Kena Body Shaming: Iya, Sekarang Aku Gendut!"
"60","Malam Ini! Adu Perspektif dan Debat Capres Pilpres 2024 Tayang di detikcom"
"61","Jubir Sebut Anies Kuasai Tema Debat: Paslon Lain Perlu Keluarkan Energi Ekstra"
"62","Gibran Hadiri Lomba Senam Gemoy di Stadion Cendrawasih Jakbar"
"63","Cak Imin Optimis Menang di Jatim: Jawa Timur Rumah Saya"
"64","Simak Rekayasa Lalu Lintas Sekitar GBK Saat Debat Capres Malam Ini"
"65","Sahroni soal Pertemuan Jokowi-Prabowo: AMIN Tunggu Mukjizat dari Allah Saja"
"66","pilpres 2024"
"67","debat pilpres 2024"
"68","kereta turangga vs ka bandung raya"
"69","golden disc awards 2024"
"70","japan airlines"
"71","Bos PPI: Meski Tak Diucapkan, Jokowi dan PDIP Sudah Talak 3"
"72","Jordan Henderson Enggak Kuat Main di Arab Saudi, Mau Balik ke Inggris!"
"73","Kenalkan! Ini Klaudia Krish, Pegawai Solo Safari Viral Mirip Pevita Pearce"
"74","Sahroni soal Pertemuan Jokowi-Prabowo: AMIN Tunggu Mukjizat dari Allah Saja"
"75","PKB Nilai Pertemuan Jokowi-Prabowo Tanda Kepanikan"
"76","Fans K-Pop Merapat! Ada 50 Tiket Golden Disc Awards 2024 Gratis Buat Kamu"
"77","Hari Terakhir! Rebut 50 Tiket GDA 2024 Gratis dari detikhot"
"78","Cak Imin: Kita Nggak Perang, Kenapa Kebanyakan Utang Alat Perang?"
